scenario,time,cw_coherence,pulse_coherence,cw_population,pulse_population
excellent_qubit,0.000,0.00000000,0.00000000,0.00000000,0.00000000
excellent_qubit,0.502,0.00359767,0.01079364,0.00000000,0.00000000
excellent_qubit,1.003,0.00137895,0.01078667,0.00000000,0.00000000
excellent_qubit,1.505,0.00132762,0.01073269,0.00000000,0.00000000
excellent_qubit,2.007,0.00359659,0.01067898,0.00000000,0.00000000
excellent_qubit,2.508,0.00004275,0.01062554,0.00000000,0.00000000
excellent_qubit,3.010,0.00353605,0.01057237,0.00000000,0.00000000
excellent_qubit,3.512,0.00136510,0.01051946,0.00000000,0.00000000
excellent_qubit,4.013,0.00123785,0.01046682,0.00000000,0.00000000
excellent_qubit,4.515,0.00357921,0.01041444,0.00000000,0.00000000
excellent_qubit,5.017,0.00009700,0.01036233,0.00000000,0.00000000
excellent_qubit,5.518,0.00351203,0.01031047,0.00000000,0.00000000
excellent_qubit,6.020,0.00137783,0.01025888,0.00000000,0.00000000
excellent_qubit,6.522,0.00114491,0.01020754,0.00000000,0.00000000
excellent_qubit,7.023,0.00355920,0.01015646,0.00000000,0.00000000
excellent_qubit,7.525,0.00013472,0.01010564,0.00000000,0.00000000
excellent_qubit,8.027,0.00337336,0.01005507,0.00000000,0.00000000
excellent_qubit,8.528,0.00136525,0.01000475,0.00000000,0.00000000
excellent_qubit,9.030,0.00105870,0.00995468,0.00000000,0.00000000
excellent_qubit,9.532,0.00353492,0.00990487,0.00000000,0.00000000
excellent_qubit,10.033,0.00016735,0.00985530,0.00000000,0.00000000
excellent_qubit,10.535,0.00328354,0.00980598,0.00000000,0.00000000
excellent_qubit,11.037,0.00138987,0.00975690,0.00000000,0.00000000
excellent_qubit,11.538,0.00095790,0.00970807,0.00000000,0.00000000
excellent_qubit,12.040,0.00351890,0.00965947,0.00000000,0.00000000
excellent_qubit,12.542,0.00020907,0.00961113,0.00000000,0.00000000
excellent_qubit,13.043,0.00320754,0.00956302,0.00000000,0.00000000
excellent_qubit,13.545,0.00138829,0.00951515,0.00000000,0.00000000
excellent_qubit,14.047,0.00087188,0.00946752,0.00000000,0.00000000
excellent_qubit,14.548,0.00349625,0.00942012,0.00000000,0.00000000
excellent_qubit,15.050,0.00026239,0.00937297,0.00000000,0.00000000
excellent_qubit,15.552,0.00316331,0.00932605,0.00000000,0.00000000
excellent_qubit,16.054,0.00137111,0.00927936,0.00000000,0.00000000
excellent_qubit,16.555,0.00078466,0.00923290,0.00000000,0.00000000
excellent_qubit,17.057,0.00349571,0.00918668,0.00000000,0.00000000
excellent_qubit,17.559,0.00029156,0.00914069,0.00000000,0.00000000
excellent_qubit,18.060,0.00307570,0.00909493,0.00000000,0.00000000
excellent_qubit,18.562,0.00139071,0.00904939,0.00000000,0.00000000
excellent_qubit,19.064,0.00070496,0.00900409,0.00000000,0.00000000
excellent_qubit,19.565,0.00346359,0.00895901,0.00000000,0.00000000
excellent_qubit,20.067,0.00032105,0.00891415,0.00000000,0.00000000
excellent_qubit,20.569,0.00299451,0.00886952,0.00000000,0.00000000
excellent_qubit,21.070,0.00139626,0.00882511,0.00000000,0.00000000
excellent_qubit,21.572,0.00062139,0.00878093,0.00000000,0.00000000
excellent_qubit,22.074,0.00344251,0.00873696,0.00000000,0.00000000
excellent_qubit,22.575,0.00035235,0.00869322,0.00000000,0.00000000
excellent_qubit,23.077,0.00291816,0.00864969,0.00000000,0.00000000
excellent_qubit,23.579,0.00140377,0.00860639,0.00000000,0.00000000
excellent_qubit,24.080,0.00053927,0.00856330,0.00000000,0.00000000
excellent_qubit,24.582,0.00342136,0.00852042,0.00000000,0.00000000
excellent_qubit,25.084,0.00038147,0.00847776,0.00000000,0.00000000
excellent_qubit,25.585,0.00284199,0.00843532,0.00000000,0.00000000
excellent_qubit,26.087,0.00141247,0.00839309,0.00000000,0.00000000
excellent_qubit,26.589,0.00045873,0.00835107,0.00000000,0.00000000
excellent_qubit,27.090,0.00340011,0.00830926,0.00000000,0.00000000
excellent_qubit,27.592,0.00040843,0.00826766,0.00000000,0.00000000
excellent_qubit,28.094,0.00276599,0.00822626,0.00000000,0.00000000
excellent_qubit,28.595,0.00142231,0.00818508,0.00000000,0.00000000
excellent_qubit,29.097,0.00037975,0.00814410,0.00000000,0.00000000
excellent_qubit,29.599,0.00337872,0.00810333,0.00000000,0.00000000
excellent_qubit,30.100,0.00043328,0.00806276,0.00000000,0.00000000
excellent_qubit,30.602,0.00269013,0.00802240,0.00000000,0.00000000
excellent_qubit,31.104,0.00143325,0.00798224,0.00000000,0.00000000
excellent_qubit,31.605,0.00030234,0.00794228,0.00000000,0.00000000
excellent_qubit,32.107,0.00335718,0.00790252,0.00000000,0.00000000
excellent_qubit,32.609,0.00045605,0.00786297,0.00000000,0.00000000
excellent_qubit,33.110,0.00261445,0.00782361,0.00000000,0.00000000
excellent_qubit,33.612,0.00144519,0.00778444,0.00000000,0.00000000
excellent_qubit,34.114,0.00022653,0.00774548,0.00000000,0.00000000
excellent_qubit,34.615,0.00333543,0.00770671,0.00000000,0.00000000
excellent_qubit,35.117,0.00047677,0.00766814,0.00000000,0.00000000
excellent_qubit,35.619,0.00253898,0.00762975,0.00000000,0.00000000
excellent_qubit,36.120,0.00145805,0.00759157,0.00000000,0.00000000
excellent_qubit,36.622,0.00015236,0.00755357,0.00000000,0.00000000
excellent_qubit,37.124,0.00331343,0.00751577,0.00000000,0.00000000
excellent_qubit,37.625,0.00049548,0.00747815,0.00000000,0.00000000
excellent_qubit,38.127,0.00246377,0.00744073,0.00000000,0.00000000
excellent_qubit,38.629,0.00147171,0.00740349,0.00000000,0.00000000
excellent_qubit,39.130,0.00007989,0.00736644,0.00000000,0.00000000
excellent_qubit,39.632,0.00329114,0.00732958,0.00000000,0.00000000
excellent_qubit,40.134,0.00051220,0.00729290,0.00000000,0.00000000
excellent_qubit,40.635,0.00238882,0.00725640,0.00000000,0.00000000
excellent_qubit,41.137,0.00148614,0.00722009,0.00000000,0.00000000
excellent_qubit,41.639,0.00000910,0.00718397,0.00000000,0.00000000
excellent_qubit,42.140,0.00326852,0.00714802,0.00000000,0.00000000
excellent_qubit,42.642,0.00052694,0.00711226,0.00000000,0.00000000
excellent_qubit,43.144,0.00231411,0.00707667,0.00000000,0.00000000
excellent_qubit,43.645,0.00150133,0.00704126,0.00000000,0.00000000
excellent_qubit,44.147,0.00006006,0.00700604,0.00000000,0.00000000
excellent_qubit,44.649,0.00324554,0.00697098,0.00000000,0.00000000
excellent_qubit,45.151,0.00053975,0.00693611,0.00000000,0.00000000
excellent_qubit,45.652,0.00223959,0.00690141,0.00000000,0.00000000
excellent_qubit,46.154,0.00151726,0.00686688,0.00000000,0.00000000
excellent_qubit,46.656,0.00012760,0.00683253,0.00000000,0.00000000
excellent_qubit,47.157,0.00322220,0.00679835,0.00000000,0.00000000
excellent_qubit,47.659,0.00055065,0.00676435,0.00000000,0.00000000
excellent_qubit,48.161,0.00216528,0.00673051,0.00000000,0.00000000
excellent_qubit,48.662,0.00153388,0.00669684,0.00000000,0.00000000
excellent_qubit,49.164,0.00019353,0.00666335,0.00000000,0.00000000
excellent_qubit,49.666,0.00319846,0.00663002,0.00000000,0.00000000
excellent_qubit,50.167,0.00055968,0.00659686,0.00000000,0.00000000
excellent_qubit,50.669,0.00209116,0.00656386,0.00000000,0.00000000
excellent_qubit,51.171,0.00155116,0.00653103,0.00000000,0.00000000
excellent_qubit,51.672,0.00025787,0.00649837,0.00000000,0.00000000
excellent_qubit,52.174,0.00317431,0.00646587,0.00000000,0.00000000
excellent_qubit,52.676,0.00056687,0.00643353,0.00000000,0.00000000
excellent_qubit,53.177,0.00201724,0.00640135,0.00000000,0.00000000
excellent_qubit,53.679,0.00156904,0.00636934,0.00000000,0.00000000
excellent_qubit,54.181,0.00032061,0.00633749,0.00000000,0.00000000
excellent_qubit,54.682,0.00314973,0.00630579,0.00000000,0.00000000
excellent_qubit,55.184,0.00057226,0.00627426,0.00000000,0.00000000
excellent_qubit,55.686,0.00194352,0.00624288,0.00000000,0.00000000
excellent_qubit,56.187,0.00158748,0.00621166,0.00000000,0.00000000
excellent_qubit,56.689,0.00038175,0.00618060,0.00000000,0.00000000
excellent_qubit,57.191,0.00312468,0.00614970,0.00000000,0.00000000
excellent_qubit,57.692,0.00057587,0.00611894,0.00000000,0.00000000
excellent_qubit,58.194,0.00187001,0.00608835,0.00000000,0.00000000
excellent_qubit,58.696,0.00160643,0.00605790,0.00000000,0.00000000
excellent_qubit,59.197,0.00044129,0.00602761,0.00000000,0.00000000
excellent_qubit,59.699,0.00309915,0.00599747,0.00000000,0.00000000
excellent_qubit,60.201,0.00057773,0.00596748,0.00000000,0.00000000
excellent_qubit,60.702,0.00179671,0.00593764,0.00000000,0.00000000
excellent_qubit,61.204,0.00162585,0.00590795,0.00000000,0.00000000
excellent_qubit,61.706,0.00049923,0.00587841,0.00000000,0.00000000
excellent_qubit,62.207,0.00307313,0.00584901,0.00000000,0.00000000
excellent_qubit,62.709,0.00057788,0.00581976,0.00000000,0.00000000
excellent_qubit,63.211,0.00172364,0.00579066,0.00000000,0.00000000
excellent_qubit,63.712,0.00164570,0.00576171,0.00000000,0.00000000
excellent_qubit,64.214,0.00055558,0.00573290,0.00000000,0.00000000
excellent_qubit,64.716,0.00304659,0.00570423,0.00000000,0.00000000
excellent_qubit,65.217,0.00057635,0.00567570,0.00000000,0.00000000
excellent_qubit,65.719,0.00165079,0.00564732,0.00000000,0.00000000
excellent_qubit,66.221,0.00166592,0.00561908,0.00000000,0.00000000
excellent_qubit,66.722,0.00061032,0.00559098,0.00000000,0.00000000
excellent_qubit,67.224,0.00301952,0.00556302,0.00000000,0.00000000
excellent_qubit,67.726,0.00057317,0.00553520,0.00000000,0.00000000
excellent_qubit,68.227,0.00157818,0.00550752,0.00000000,0.00000000
excellent_qubit,68.729,0.00168647,0.00547997,0.00000000,0.00000000
excellent_qubit,69.231,0.00066347,0.00545256,0.00000000,0.00000000
excellent_qubit,69.732,0.00299190,0.00542529,0.00000000,0.00000000
excellent_qubit,70.234,0.00056838,0.00539816,0.00000000,0.00000000
excellent_qubit,70.736,0.00150581,0.00537116,0.00000000,0.00000000
excellent_qubit,71.237,0.00170731,0.00534429,0.00000000,0.00000000
excellent_qubit,71.739,0.00071501,0.00531756,0.00000000,0.00000000
excellent_qubit,72.241,0.00296372,0.00529096,0.00000000,0.00000000
excellent_qubit,72.742,0.00056199,0.00526449,0.00000000,0.00000000
excellent_qubit,73.244,0.00143370,0.00523815,0.00000000,0.00000000
excellent_qubit,73.746,0.00172840,0.00521194,0.00000000,0.00000000
excellent_qubit,74.247,0.00076495,0.00518587,0.00000000,0.00000000
excellent_qubit,74.749,0.00293495,0.00515992,0.00000000,0.00000000
excellent_qubit,75.251,0.00055406,0.00513410,0.00000000,0.00000000
excellent_qubit,75.753,0.00136186,0.00510841,0.00000000,0.00000000
excellent_qubit,76.254,0.00174968,0.00508284,0.00000000,0.00000000
excellent_qubit,76.756,0.00081329,0.00505741,0.00000000,0.00000000
excellent_qubit,77.258,0.00290560,0.00503210,0.00000000,0.00000000
excellent_qubit,77.759,0.00054460,0.00500692,0.00000000,0.00000000
excellent_qubit,78.261,0.00129031,0.00498186,0.00000000,0.00000000
excellent_qubit,78.763,0.00177112,0.00495693,0.00000000,0.00000000
excellent_qubit,79.264,0.00086003,0.00493213,0.00000000,0.00000000
excellent_qubit,79.766,0.00287565,0.00490745,0.00000000,0.00000000
excellent_qubit,80.268,0.00053366,0.00488289,0.00000000,0.00000000
excellent_qubit,80.769,0.00121904,0.00485845,0.00000000,0.00000000
excellent_qubit,81.271,0.00179267,0.00483414,0.00000000,0.00000000
excellent_qubit,81.773,0.00090517,0.00480995,0.00000000,0.00000000
excellent_qubit,82.274,0.00284508,0.00478588,0.00000000,0.00000000
excellent_qubit,82.776,0.00052126,0.00476193,0.00000000,0.00000000
excellent_qubit,83.278,0.00114808,0.00473810,0.00000000,0.00000000
excellent_qubit,83.779,0.00181430,0.00471439,0.00000000,0.00000000
excellent_qubit,84.281,0.00094870,0.00469080,0.00000000,0.00000000
excellent_qubit,84.783,0.00281390,0.00466733,0.00000000,0.00000000
excellent_qubit,85.284,0.00050744,0.00464397,0.00000000,0.00000000
excellent_qubit,85.786,0.00107745,0.00462073,0.00000000,0.00000000
excellent_qubit,86.288,0.00183594,0.00459761,0.00000000,0.00000000
excellent_qubit,86.789,0.00099062,0.00457460,0.00000000,0.00000000
excellent_qubit,87.291,0.00278208,0.00455171,0.00000000,0.00000000
excellent_qubit,87.793,0.00049224,0.00452893,0.00000000,0.00000000
excellent_qubit,88.294,0.00100715,0.00450627,0.00000000,0.00000000
excellent_qubit,88.796,0.00185757,0.00448372,0.00000000,0.00000000
excellent_qubit,89.298,0.00103094,0.00446128,0.00000000,0.00000000
excellent_qubit,89.799,0.00274963,0.00443896,0.00000000,0.00000000
excellent_qubit,90.301,0.00047568,0.00441674,0.00000000,0.00000000
excellent_qubit,90.803,0.00093720,0.00439464,0.00000000,0.00000000
excellent_qubit,91.304,0.00187914,0.00437265,0.00000000,0.00000000
excellent_qubit,91.806,0.00106965,0.00435077,0.00000000,0.00000000
excellent_qubit,92.308,0.00271653,0.00432900,0.00000000,0.00000000
excellent_qubit,92.809,0.00045780,0.00430733,0.00000000,0.00000000
excellent_qubit,93.311,0.00086763,0.00428578,0.00000000,0.00000000
excellent_qubit,93.813,0.00190060,0.00426433,0.00000000,0.00000000
excellent_qubit,94.314,0.00110675,0.00424299,0.00000000,0.00000000
excellent_qubit,94.816,0.00268278,0.00422176,0.00000000,0.00000000
excellent_qubit,95.318,0.00043863,0.00420063,0.00000000,0.00000000
excellent_qubit,95.819,0.00079844,0.00417961,0.00000000,0.00000000
excellent_qubit,96.321,0.00192192,0.00415870,0.00000000,0.00000000
excellent_qubit,96.823,0.00114224,0.00413789,0.00000000,0.00000000
excellent_qubit,97.324,0.00264837,0.00411718,0.00000000,0.00000000
excellent_qubit,97.826,0.00041822,0.00409658,0.00000000,0.00000000
excellent_qubit,98.328,0.00072966,0.00407608,0.00000000,0.00000000
excellent_qubit,98.829,0.00194305,0.00405568,0.00000000,0.00000000
excellent_qubit,99.331,0.00117612,0.00403538,0.00000000,0.00000000
excellent_qubit,99.833,0.00261331,0.00401519,0.00000000,0.00000000
excellent_qubit,100.334,0.00039659,0.00399510,0.00000000,0.00000000
excellent_qubit,100.836,0.00066130,0.00397511,0.00000000,0.00000000
excellent_qubit,101.338,0.00196395,0.00395521,0.00000000,0.00000000
excellent_qubit,101.839,0.00120839,0.00393542,0.00000000,0.00000000
excellent_qubit,102.341,0.00257759,0.00391573,0.00000000,0.00000000
excellent_qubit,102.843,0.00037378,0.00389613,0.00000000,0.00000000
excellent_qubit,103.344,0.00059339,0.00387663,0.00000000,0.00000000
excellent_qubit,103.846,0.00198457,0.00385724,0.00000000,0.00000000
excellent_qubit,104.348,0.00123904,0.00383793,0.00000000,0.00000000
excellent_qubit,104.849,0.00254120,0.00381873,0.00000000,0.00000000
excellent_qubit,105.351,0.00034982,0.00379962,0.00000000,0.00000000
excellent_qubit,105.853,0.00052595,0.00378060,0.00000000,0.00000000
excellent_qubit,106.355,0.00200488,0.00376169,0.00000000,0.00000000
excellent_qubit,106.856,0.00126808,0.00374286,0.00000000,0.00000000
excellent_qubit,107.358,0.00250415,0.00372413,0.00000000,0.00000000
excellent_qubit,107.860,0.00032476,0.00370550,0.00000000,0.00000000
excellent_qubit,108.361,0.00045899,0.00368695,0.00000000,0.00000000
excellent_qubit,108.863,0.00202483,0.00366850,0.00000000,0.00000000
excellent_qubit,109.365,0.00129551,0.00365015,0.00000000,0.00000000
excellent_qubit,109.866,0.00246643,0.00363188,0.00000000,0.00000000
excellent_qubit,110.368,0.00029862,0.00361370,0.00000000,0.00000000
excellent_qubit,110.870,0.00039254,0.00359562,0.00000000,0.00000000
excellent_qubit,111.371,0.00204439,0.00357763,0.00000000,0.00000000
excellent_qubit,111.873,0.00132132,0.00355973,0.00000000,0.00000000
excellent_qubit,112.375,0.00242805,0.00354191,0.00000000,0.00000000
excellent_qubit,112.876,0.00027145,0.00352419,0.00000000,0.00000000
excellent_qubit,113.378,0.00032662,0.00350655,0.00000000,0.00000000
excellent_qubit,113.880,0.00206350,0.00348901,0.00000000,0.00000000
excellent_qubit,114.381,0.00134551,0.00347155,0.00000000,0.00000000
excellent_qubit,114.883,0.00238902,0.00345417,0.00000000,0.00000000
excellent_qubit,115.385,0.00024328,0.00343689,0.00000000,0.00000000
excellent_qubit,115.886,0.00026126,0.00341969,0.00000000,0.00000000
excellent_qubit,116.388,0.00208213,0.00340258,0.00000000,0.00000000
excellent_qubit,116.890,0.00136808,0.00338555,0.00000000,0.00000000
excellent_qubit,117.391,0.00234932,0.00336861,0.00000000,0.00000000
excellent_qubit,117.893,0.00021414,0.00335175,0.00000000,0.00000000
excellent_qubit,118.395,0.00019648,0.00333498,0.00000000,0.00000000
excellent_qubit,118.896,0.00210024,0.00331829,0.00000000,0.00000000
excellent_qubit,119.398,0.00138903,0.00330169,0.00000000,0.00000000
excellent_qubit,119.900,0.00230897,0.00328516,0.00000000,0.00000000
excellent_qubit,120.401,0.00018408,0.00498595,0.00000000,0.00000000
excellent_qubit,120.903,0.00013230,0.00742107,0.00000000,0.00000000
excellent_qubit,121.405,0.00211778,0.00738393,0.00000000,0.00000000
excellent_qubit,121.906,0.00140836,0.00734698,0.00000000,0.00000000
excellent_qubit,122.408,0.00226797,0.00731021,0.00000000,0.00000000
excellent_qubit,122.910,0.00015314,0.00727363,0.00000000,0.00000000
excellent_qubit,123.411,0.00006875,0.00723723,0.00000000,0.00000000
excellent_qubit,123.913,0.00213472,0.00720102,0.00000000,0.00000000
excellent_qubit,124.415,0.00142607,0.00716498,0.00000000,0.00000000
excellent_qubit,124.916,0.00222633,0.00712913,0.00000000,0.00000000
excellent_qubit,125.418,0.00012135,0.00709345,0.00000000,0.00000000
excellent_qubit,125.920,0.00000585,0.00705796,0.00000000,0.00000000
excellent_qubit,126.421,0.00215100,0.00702264,0.00000000,0.00000000
excellent_qubit,126.923,0.00144215,0.00698750,0.00000000,0.00000000
excellent_qubit,127.425,0.00218404,0.00695253,0.00000000,0.00000000
excellent_qubit,127.926,0.00008874,0.00691774,0.00000000,0.00000000
excellent_qubit,128.428,0.00005636,0.00688312,0.00000000,0.00000000
excellent_qubit,128.930,0.00216660,0.00684868,0.00000000,0.00000000
excellent_qubit,129.431,0.00145662,0.00681440,0.00000000,0.00000000
excellent_qubit,129.933,0.00214113,0.00678030,0.00000000,0.00000000
excellent_qubit,130.435,0.00005537,0.00674637,0.00000000,0.00000000
excellent_qubit,130.936,0.00011786,0.00671261,0.00000000,0.00000000
excellent_qubit,131.438,0.00218147,0.00667902,0.00000000,0.00000000
excellent_qubit,131.940,0.00146946,0.00664560,0.00000000,0.00000000
excellent_qubit,132.441,0.00209760,0.00661234,0.00000000,0.00000000
excellent_qubit,132.943,0.00002127,0.00657925,0.00000000,0.00000000
excellent_qubit,133.445,0.00017862,0.00654633,0.00000000,0.00000000
excellent_qubit,133.946,0.00219556,0.00651357,0.00000000,0.00000000
excellent_qubit,134.448,0.00148068,0.00648098,0.00000000,0.00000000
excellent_qubit,134.950,0.00205345,0.00644855,0.00000000,0.00000000
excellent_qubit,135.452,0.00001353,0.00641628,0.00000000,0.00000000
excellent_qubit,135.953,0.00023862,0.00638417,0.00000000,0.00000000
excellent_qubit,136.455,0.00220885,0.00635222,0.00000000,0.00000000
excellent_qubit,136.957,0.00149027,0.00632043,0.00000000,0.00000000
excellent_qubit,137.458,0.00200871,0.00628880,0.00000000,0.00000000
excellent_qubit,137.960,0.00004897,0.00625733,0.00000000,0.00000000
excellent_qubit,138.462,0.00029782,0.00622602,0.00000000,0.00000000
excellent_qubit,138.963,0.00222128,0.00619487,0.00000000,0.00000000
excellent_qubit,139.465,0.00149822,0.00616387,0.00000000,0.00000000
excellent_qubit,139.967,0.00196337,0.00613302,0.00000000,0.00000000
excellent_qubit,140.468,0.00008503,0.01231967,0.00000000,0.00000000
excellent_qubit,140.970,0.00035619,0.01320836,0.00000000,0.00000000
excellent_qubit,141.472,0.00223288,0.01314226,0.00000000,0.00000000
excellent_qubit,141.973,0.00150456,0.01307650,0.00000000,0.00000000
excellent_qubit,142.475,0.00191745,0.01301106,0.00000000,0.00000000
excellent_qubit,142.977,0.00012166,0.01294595,0.00000000,0.00000000
excellent_qubit,143.478,0.00041371,0.01288117,0.00000000,0.00000000
excellent_qubit,143.980,0.00224365,0.01281671,0.00000000,0.00000000
excellent_qubit,144.482,0.00150930,0.01275257,0.00000000,0.00000000
excellent_qubit,144.983,0.00187096,0.01268869,0.00000000,0.00000000
excellent_qubit,145.485,0.00015881,0.01262495,0.00000000,0.00000000
excellent_qubit,145.987,0.00047034,0.01256164,0.00000000,0.00000000
excellent_qubit,146.488,0.00225358,0.01249886,0.00000000,0.00000000
excellent_qubit,146.990,0.00151248,0.01243654,0.00000000,0.00000000
excellent_qubit,147.492,0.00182391,0.01237444,0.00000000,0.00000000
excellent_qubit,147.993,0.00019646,0.01231252,0.00000000,0.00000000
excellent_qubit,148.495,0.00052604,0.01225091,0.00000000,0.00000000
excellent_qubit,148.997,0.00226265,0.01218960,0.00000000,0.00000000
excellent_qubit,149.498,0.00151411,0.01212860,0.00000000,0.00000000
excellent_qubit,150.000,0.00177633,0.01206518,0.00000000,0.00000000
good_qubit,0.000,0.00000000,0.00000000,0.00000000,0.00000000
good_qubit,0.503,0.00359105,0.01074537,0.00000000,0.00000000
good_qubit,1.005,0.00132744,0.01060717,0.00000000,0.00000000
good_qubit,1.508,0.00131312,0.01047475,0.00000000,0.00000000
good_qubit,2.010,0.00351549,0.01034398,0.00000000,0.00000000
good_qubit,2.513,0.00011966,0.01021484,0.00000000,0.00000000
good_qubit,3.015,0.00349234,0.01008732,0.00000000,0.00000000
good_qubit,3.518,0.00118343,0.00996139,0.00000000,0.00000000
good_qubit,4.020,0.00119840,0.00983702,0.00000000,0.00000000
good_qubit,4.523,0.00340484,0.00971419,0.00000000,0.00000000
good_qubit,5.025,0.00023189,0.00959289,0.00000000,0.00000000
good_qubit,5.528,0.00335515,0.00947310,0.00000000,0.00000000
good_qubit,6.030,0.00110834,0.00935480,0.00000000,0.00000000
good_qubit,6.533,0.00107666,0.00923798,0.00000000,0.00000000
good_qubit,7.035,0.00329444,0.00912261,0.00000000,0.00000000
good_qubit,7.538,0.00033960,0.00900868,0.00000000,0.00000000
good_qubit,8.040,0.00324913,0.00889617,0.00000000,0.00000000
good_qubit,8.543,0.00097224,0.00878506,0.00000000,0.00000000
good_qubit,9.045,0.00095946,0.00867535,0.00000000,0.00000000
good_qubit,9.548,0.00320130,0.00856700,0.00000000,0.00000000
good_qubit,10.050,0.00044548,0.00846001,0.00000000,0.00000000
good_qubit,10.553,0.00314026,0.00835436,0.00000000,0.00000000
good_qubit,11.055,0.00090966,0.00825003,0.00000000,0.00000000
good_qubit,11.558,0.00086679,0.00814700,0.00000000,0.00000000
good_qubit,12.060,0.00310908,0.00804527,0.00000000,0.00000000
good_qubit,12.563,0.00054020,0.00794481,0.00000000,0.00000000
good_qubit,13.065,0.00304229,0.00784560,0.00000000,0.00000000
good_qubit,13.568,0.00082557,0.00774764,0.00000000,0.00000000
good_qubit,14.070,0.00076911,0.00765091,0.00000000,0.00000000
good_qubit,14.573,0.00302269,0.00755539,0.00000000,0.00000000
good_qubit,15.075,0.00062801,0.00746107,0.00000000,0.00000000
good_qubit,15.578,0.00295010,0.00736793,0.00000000,0.00000000
good_qubit,16.080,0.00074861,0.00727595,0.00000000,0.00000000
good_qubit,16.583,0.00068011,0.00718513,0.00000000,0.00000000
good_qubit,17.085,0.00293943,0.00709545,0.00000000,0.00000000
good_qubit,17.588,0.00073409,0.00700689,0.00000000,0.00000000
good_qubit,18.090,0.00286989,0.00691944,0.00000000,0.00000000
good_qubit,18.593,0.00067472,0.00683308,0.00000000,0.00000000
good_qubit,19.095,0.00057689,0.00674781,0.00000000,0.00000000
good_qubit,19.598,0.00287633,0.00666360,0.00000000,0.00000000
good_qubit,20.101,0.00079465,0.00658044,0.00000000,0.00000000
good_qubit,20.603,0.00279186,0.00649833,0.00000000,0.00000000
good_qubit,21.106,0.00059880,0.00641724,0.00000000,0.00000000
good_qubit,21.608,0.00050077,0.00633717,0.00000000,0.00000000
good_qubit,22.111,0.00279940,0.00625810,0.00000000,0.00000000
good_qubit,22.613,0.00086576,0.00618001,0.00000000,0.00000000
good_qubit,23.116,0.00274666,0.00610290,0.00000000,0.00000000
good_qubit,23.618,0.00053055,0.00602675,0.00000000,0.00000000
good_qubit,24.121,0.00042057,0.00595155,0.00000000,0.00000000
good_qubit,24.623,0.00272882,0.00587729,0.00000000,0.00000000
good_qubit,25.126,0.00092797,0.00580395,0.00000000,0.00000000
good_qubit,25.628,0.00262729,0.00573152,0.00000000,0.00000000
good_qubit,26.131,0.00048244,0.00566000,0.00000000,0.00000000
good_qubit,26.633,0.00034853,0.00558936,0.00000000,0.00000000
good_qubit,27.136,0.00267751,0.00551960,0.00000000,0.00000000
good_qubit,27.638,0.00099479,0.00545070,0.00000000,0.00000000
good_qubit,28.141,0.00255817,0.00538266,0.00000000,0.00000000
good_qubit,28.643,0.00043572,0.00531546,0.00000000,0.00000000
good_qubit,29.146,0.00027693,0.00524910,0.00000000,0.00000000
good_qubit,29.648,0.00261320,0.00518355,0.00000000,0.00000000
good_qubit,30.151,0.00105020,0.00511883,0.00000000,0.00000000
good_qubit,30.653,0.00249435,0.00505490,0.00000000,0.00000000
good_qubit,31.156,0.00037636,0.00499177,0.00000000,0.00000000
good_qubit,31.658,0.00021397,0.00492943,0.00000000,0.00000000
good_qubit,32.161,0.00255868,0.00486787,0.00000000,0.00000000
good_qubit,32.663,0.00113707,0.00480707,0.00000000,0.00000000
good_qubit,33.166,0.00244670,0.00474703,0.00000000,0.00000000
good_qubit,33.668,0.00030723,0.00468774,0.00000000,0.00000000
good_qubit,34.171,0.00015988,0.00462919,0.00000000,0.00000000
good_qubit,34.673,0.00249750,0.00457137,0.00000000,0.00000000
good_qubit,35.176,0.00116762,0.00451428,0.00000000,0.00000000
good_qubit,35.678,0.00238908,0.00445790,0.00000000,0.00000000
good_qubit,36.181,0.00025995,0.00440222,0.00000000,0.00000000
good_qubit,36.683,0.00010714,0.00434724,0.00000000,0.00000000
good_qubit,37.186,0.00245311,0.00429296,0.00000000,0.00000000
good_qubit,37.688,0.00122083,0.00423935,0.00000000,0.00000000
good_qubit,38.191,0.00234311,0.00418641,0.00000000,0.00000000
good_qubit,38.693,0.00020204,0.00413413,0.00000000,0.00000000
good_qubit,39.196,0.00003908,0.00408251,0.00000000,0.00000000
good_qubit,39.698,0.00241258,0.00403154,0.00000000,0.00000000
good_qubit,40.201,0.00125563,0.00398121,0.00000000,0.00000000
good_qubit,40.704,0.00226468,0.00393151,0.00000000,0.00000000
good_qubit,41.206,0.00020530,0.00388243,0.00000000,0.00000000
good_qubit,41.709,0.00001848,0.00383397,0.00000000,0.00000000
good_qubit,42.211,0.00237442,0.00378611,0.00000000,0.00000000
good_qubit,42.714,0.00130279,0.00373886,0.00000000,0.00000000
good_qubit,43.216,0.00221879,0.00369219,0.00000000,0.00000000
good_qubit,43.719,0.00016295,0.00364611,0.00000000,0.00000000
good_qubit,44.221,0.00006552,0.00360061,0.00000000,0.00000000
good_qubit,44.724,0.00233457,0.00355568,0.00000000,0.00000000
good_qubit,45.226,0.00135878,0.00351131,0.00000000,0.00000000
good_qubit,45.729,0.00220033,0.00346750,0.00000000,0.00000000
good_qubit,46.231,0.00010246,0.00342423,0.00000000,0.00000000
good_qubit,46.734,0.00010689,0.00338151,0.00000000,0.00000000
good_qubit,47.236,0.00229730,0.00333932,0.00000000,0.00000000
good_qubit,47.739,0.00138133,0.00329766,0.00000000,0.00000000
good_qubit,48.241,0.00212949,0.00325652,0.00000000,0.00000000
good_qubit,48.744,0.00009776,0.00321589,0.00000000,0.00000000
good_qubit,49.246,0.00015698,0.00317577,0.00000000,0.00000000
good_qubit,49.749,0.00226490,0.00313614,0.00000000,0.00000000
good_qubit,50.251,0.00143281,0.00309701,0.00000000,0.00000000
good_qubit,50.754,0.00213079,0.00305837,0.00000000,0.00000000
good_qubit,51.256,0.00006651,0.00302021,0.00000000,0.00000000
good_qubit,51.759,0.00019654,0.00298253,0.00000000,0.00000000
good_qubit,52.261,0.00223679,0.00294531,0.00000000,0.00000000
good_qubit,52.764,0.00145787,0.00290855,0.00000000,0.00000000
good_qubit,53.266,0.00206034,0.00287225,0.00000000,0.00000000
good_qubit,53.769,0.00003683,0.00283640,0.00000000,0.00000000
good_qubit,54.271,0.00023088,0.00280099,0.00000000,0.00000000
good_qubit,54.774,0.00220585,0.00276602,0.00000000,0.00000000
good_qubit,55.276,0.00148928,0.00273149,0.00000000,0.00000000
good_qubit,55.779,0.00202499,0.00269739,0.00000000,0.00000000
good_qubit,56.281,0.00000694,0.00266371,0.00000000,0.00000000
good_qubit,56.784,0.00027514,0.00263046,0.00000000,0.00000000
good_qubit,57.286,0.00218479,0.00259762,0.00000000,0.00000000
good_qubit,57.789,0.00151752,0.00256519,0.00000000,0.00000000
good_qubit,58.291,0.00198133,0.00253317,0.00000000,0.00000000
good_qubit,58.794,0.00000037,0.00250154,0.00000000,0.00000000
good_qubit,59.296,0.00031076,0.00247030,0.00000000,0.00000000
good_qubit,59.799,0.00215531,0.00243944,0.00000000,0.00000000
good_qubit,60.302,0.00153847,0.00240897,0.00000000,0.00000000
good_qubit,60.804,0.00194610,0.00237887,0.00000000,0.00000000
good_qubit,61.307,0.00001805,0.00234914,0.00000000,0.00000000
good_qubit,61.809,0.00034689,0.00231978,0.00000000,0.00000000
good_qubit,62.312,0.00213276,0.00229079,0.00000000,0.00000000
good_qubit,62.814,0.00156656,0.00226215,0.00000000,0.00000000
good_qubit,63.317,0.00191624,0.00223387,0.00000000,0.00000000
good_qubit,63.819,0.00004260,0.00220595,0.00000000,0.00000000
good_qubit,64.322,0.00037676,0.00217837,0.00000000,0.00000000
good_qubit,64.824,0.00210914,0.00215113,0.00000000,0.00000000
good_qubit,65.327,0.00160246,0.00212424,0.00000000,0.00000000
good_qubit,65.829,0.00192437,0.00209768,0.00000000,0.00000000
good_qubit,66.332,0.00007807,0.00207145,0.00000000,0.00000000
good_qubit,66.834,0.00040362,0.00204555,0.00000000,0.00000000
good_qubit,67.337,0.00208905,0.00201998,0.00000000,0.00000000
good_qubit,67.839,0.00162175,0.00199472,0.00000000,0.00000000
good_qubit,68.342,0.00186746,0.00196979,0.00000000,0.00000000
good_qubit,68.844,0.00008539,0.00194517,0.00000000,0.00000000
good_qubit,69.347,0.00043058,0.00192085,0.00000000,0.00000000
good_qubit,69.849,0.00207051,0.00189685,0.00000000,0.00000000
good_qubit,70.352,0.00164249,0.00187314,0.00000000,0.00000000
good_qubit,70.854,0.00184029,0.00184974,0.00000000,0.00000000
good_qubit,71.357,0.00009857,0.00182662,0.00000000,0.00000000
good_qubit,71.859,0.00045690,0.00180381,0.00000000,0.00000000
good_qubit,72.362,0.00204603,0.00178128,0.00000000,0.00000000
good_qubit,72.864,0.00166416,0.00175903,0.00000000,0.00000000
good_qubit,73.367,0.00182856,0.00173706,0.00000000,0.00000000
good_qubit,73.869,0.00013066,0.00171538,0.00000000,0.00000000
good_qubit,74.372,0.00047822,0.00169396,0.00000000,0.00000000
good_qubit,74.874,0.00203082,0.00167282,0.00000000,0.00000000
good_qubit,75.377,0.00168677,0.00165194,0.00000000,0.00000000
good_qubit,75.879,0.00181424,0.00163133,0.00000000,0.00000000
good_qubit,76.382,0.00014979,0.00161098,0.00000000,0.00000000
good_qubit,76.884,0.00052057,0.00159088,0.00000000,0.00000000
good_qubit,77.387,0.00201988,0.00157104,0.00000000,0.00000000
good_qubit,77.889,0.00170333,0.00155145,0.00000000,0.00000000
good_qubit,78.392,0.00176570,0.00153211,0.00000000,0.00000000
good_qubit,78.894,0.00014198,0.00151301,0.00000000,0.00000000
good_qubit,79.397,0.00053882,0.00149415,0.00000000,0.00000000
good_qubit,79.899,0.00200540,0.00147553,0.00000000,0.00000000
good_qubit,80.402,0.00171932,0.00145714,0.00000000,0.00000000
good_qubit,80.905,0.00174351,0.00143899,0.00000000,0.00000000
good_qubit,81.407,0.00014959,0.00142106,0.00000000,0.00000000
good_qubit,81.910,0.00056175,0.00140336,0.00000000,0.00000000
good_qubit,82.412,0.00199175,0.00138588,0.00000000,0.00000000
good_qubit,82.915,0.00173424,0.00136862,0.00000000,0.00000000
good_qubit,83.417,0.00172235,0.00135158,0.00000000,0.00000000
good_qubit,83.920,0.00015710,0.00133474,0.00000000,0.00000000
good_qubit,84.422,0.00058547,0.00131812,0.00000000,0.00000000
good_qubit,84.925,0.00197914,0.00130171,0.00000000,0.00000000
good_qubit,85.427,0.00174985,0.00128550,0.00000000,0.00000000
good_qubit,85.930,0.00170359,0.00126949,0.00000000,0.00000000
good_qubit,86.432,0.00018234,0.00125368,0.00000000,0.00000000
good_qubit,86.935,0.00061149,0.00123807,0.00000000,0.00000000
good_qubit,87.437,0.00197021,0.00122265,0.00000000,0.00000000
good_qubit,87.940,0.00176310,0.00120742,0.00000000,0.00000000
good_qubit,88.442,0.00168424,0.00119237,0.00000000,0.00000000
good_qubit,88.945,0.00016874,0.00117751,0.00000000,0.00000000
good_qubit,89.447,0.00063470,0.00116284,0.00000000,0.00000000
good_qubit,89.950,0.00196253,0.00114834,0.00000000,0.00000000
good_qubit,90.452,0.00177932,0.00113402,0.00000000,0.00000000
good_qubit,90.955,0.00169390,0.00111987,0.00000000,0.00000000
good_qubit,91.457,0.00019979,0.00110589,0.00000000,0.00000000
good_qubit,91.960,0.00065089,0.00109209,0.00000000,0.00000000
good_qubit,92.462,0.00195053,0.00107845,0.00000000,0.00000000
good_qubit,92.965,0.00178830,0.00106499,0.00000000,0.00000000
good_qubit,93.467,0.00165474,0.00105169,0.00000000,0.00000000
good_qubit,93.970,0.00018883,0.00103856,0.00000000,0.00000000
good_qubit,94.472,0.00066600,0.00102560,0.00000000,0.00000000
good_qubit,94.975,0.00194447,0.00101279,0.00000000,0.00000000
good_qubit,95.477,0.00180073,0.00100015,0.00000000,0.00000000
good_qubit,95.980,0.00163953,0.00098766,0.00000000,0.00000000
good_qubit,96.482,0.00019632,0.00097533,0.00000000,0.00000000
good_qubit,96.985,0.00068182,0.00096316,0.00000000,0.00000000
good_qubit,97.487,0.00193539,0.00095113,0.00000000,0.00000000
good_qubit,97.990,0.00181178,0.00093926,0.00000000,0.00000000
good_qubit,98.492,0.00165153,0.00092753,0.00000000,0.00000000
good_qubit,98.995,0.00020993,0.00091595,0.00000000,0.00000000
good_qubit,99.497,0.00070503,0.00090452,0.00000000,0.00000000
good_qubit,100.000,0.00192561,0.00089211,0.00000000,0.00000000
mediocre_qubit,0.000,0.00000000,0.00000000,0.00000000,0.00000000
mediocre_qubit,0.504,0.00356849,0.01066191,0.00000000,0.00000000
mediocre_qubit,1.008,0.00119896,0.01030347,0.00000000,0.00000000
mediocre_qubit,1.513,0.00125934,0.00996289,0.00000000,0.00000000
mediocre_qubit,2.017,0.00331301,0.00963357,0.00000000,0.00000000
mediocre_qubit,2.521,0.00032239,0.00931514,0.00000000,0.00000000
mediocre_qubit,3.025,0.00332731,0.00900722,0.00000000,0.00000000
mediocre_qubit,3.529,0.00081659,0.00870942,0.00000000,0.00000000
mediocre_qubit,4.034,0.00107023,0.00842142,0.00000000,0.00000000
mediocre_qubit,4.538,0.00298308,0.00814292,0.00000000,0.00000000
mediocre_qubit,5.042,0.00056413,0.00787362,0.00000000,0.00000000
mediocre_qubit,5.546,0.00311693,0.00761323,0.00000000,0.00000000
mediocre_qubit,6.050,0.00048564,0.00736147,0.00000000,0.00000000
mediocre_qubit,6.555,0.00090206,0.00711806,0.00000000,0.00000000
mediocre_qubit,7.059,0.00271124,0.00688273,0.00000000,0.00000000
mediocre_qubit,7.563,0.00077385,0.00665522,0.00000000,0.00000000
mediocre_qubit,8.067,0.00293018,0.00643526,0.00000000,0.00000000
mediocre_qubit,8.571,0.00024116,0.00622260,0.00000000,0.00000000
mediocre_qubit,9.076,0.00077854,0.00601701,0.00000000,0.00000000
mediocre_qubit,9.580,0.00246379,0.00581823,0.00000000,0.00000000
mediocre_qubit,10.084,0.00095090,0.00562604,0.00000000,0.00000000
mediocre_qubit,10.588,0.00278422,0.00544021,0.00000000,0.00000000
mediocre_qubit,11.092,0.00000500,0.00526052,0.00000000,0.00000000
mediocre_qubit,11.597,0.00069835,0.00508675,0.00000000,0.00000000
mediocre_qubit,12.101,0.00224712,0.00491869,0.00000000,0.00000000
mediocre_qubit,12.605,0.00111635,0.00475615,0.00000000,0.00000000
mediocre_qubit,13.109,0.00266696,0.00459894,0.00000000,0.00000000
mediocre_qubit,13.613,0.00021900,0.00444688,0.00000000,0.00000000
mediocre_qubit,14.118,0.00060997,0.00429984,0.00000000,0.00000000
mediocre_qubit,14.622,0.00206100,0.00415764,0.00000000,0.00000000
mediocre_qubit,15.126,0.00121381,0.00402014,0.00000000,0.00000000
mediocre_qubit,15.630,0.00256977,0.00388720,0.00000000,0.00000000
mediocre_qubit,16.134,0.00040866,0.00375866,0.00000000,0.00000000
mediocre_qubit,16.639,0.00056631,0.00363439,0.00000000,0.00000000
mediocre_qubit,17.143,0.00187796,0.00351424,0.00000000,0.00000000
mediocre_qubit,17.647,0.00130433,0.00339807,0.00000000,0.00000000
mediocre_qubit,18.151,0.00251810,0.00328577,0.00000000,0.00000000
mediocre_qubit,18.655,0.00058077,0.00317719,0.00000000,0.00000000
mediocre_qubit,19.160,0.00055881,0.00307222,0.00000000,0.00000000
mediocre_qubit,19.664,0.00170389,0.00297073,0.00000000,0.00000000
mediocre_qubit,20.168,0.00137207,0.00287260,0.00000000,0.00000000
mediocre_qubit,20.672,0.00242157,0.00277771,0.00000000,0.00000000
mediocre_qubit,21.176,0.00077078,0.00268595,0.00000000,0.00000000
mediocre_qubit,21.681,0.00054101,0.00259722,0.00000000,0.00000000
mediocre_qubit,22.185,0.00157624,0.00251140,0.00000000,0.00000000
mediocre_qubit,22.689,0.00142622,0.00242840,0.00000000,0.00000000
mediocre_qubit,23.193,0.00235336,0.00234812,0.00000000,0.00000000
mediocre_qubit,23.697,0.00085082,0.00227046,0.00000000,0.00000000
mediocre_qubit,24.202,0.00053863,0.00219536,0.00000000,0.00000000
mediocre_qubit,24.706,0.00143357,0.00212273,0.00000000,0.00000000
mediocre_qubit,25.210,0.00146338,0.00205250,0.00000000,0.00000000
mediocre_qubit,25.714,0.00231172,0.00198459,0.00000000,0.00000000
mediocre_qubit,26.218,0.00098208,0.00191894,0.00000000,0.00000000
mediocre_qubit,26.723,0.00056109,0.00185547,0.00000000,0.00000000
mediocre_qubit,27.227,0.00130703,0.00179411,0.00000000,0.00000000
mediocre_qubit,27.731,0.00148693,0.00173479,0.00000000,0.00000000
mediocre_qubit,28.235,0.00226760,0.00167745,0.00000000,0.00000000
mediocre_qubit,28.739,0.00108806,0.00162202,0.00000000,0.00000000
mediocre_qubit,29.244,0.00057521,0.00156843,0.00000000,0.00000000
mediocre_qubit,29.748,0.00119375,0.00151663,0.00000000,0.00000000
mediocre_qubit,30.252,0.00150871,0.00146655,0.00000000,0.00000000
mediocre_qubit,30.756,0.00227041,0.00141813,0.00000000,0.00000000
mediocre_qubit,31.261,0.00119848,0.00137132,0.00000000,0.00000000
mediocre_qubit,31.765,0.00063091,0.00132606,0.00000000,0.00000000
mediocre_qubit,32.269,0.00106272,0.00128229,0.00000000,0.00000000
mediocre_qubit,32.773,0.00150274,0.00123995,0.00000000,0.00000000
mediocre_qubit,33.277,0.00221117,0.00119901,0.00000000,0.00000000
mediocre_qubit,33.782,0.00130260,0.00115939,0.00000000,0.00000000
mediocre_qubit,34.286,0.00067829,0.00112107,0.00000000,0.00000000
mediocre_qubit,34.790,0.00097151,0.00108401,0.00000000,0.00000000
mediocre_qubit,35.294,0.00152504,0.00104818,0.00000000,0.00000000
mediocre_qubit,35.798,0.00218482,0.00101353,0.00000000,0.00000000
mediocre_qubit,36.303,0.00137655,0.00098003,0.00000000,0.00000000
mediocre_qubit,36.807,0.00069981,0.00094764,0.00000000,0.00000000
mediocre_qubit,37.311,0.00086732,0.00091631,0.00000000,0.00000000
mediocre_qubit,37.815,0.00149948,0.00088603,0.00000000,0.00000000
mediocre_qubit,38.319,0.00215764,0.00085674,0.00000000,0.00000000
mediocre_qubit,38.824,0.00146372,0.00082842,0.00000000,0.00000000
mediocre_qubit,39.328,0.00076582,0.00080104,0.00000000,0.00000000
mediocre_qubit,39.832,0.00075263,0.00077456,0.00000000,0.00000000
mediocre_qubit,40.336,0.00146857,0.00131366,0.00000000,0.00000000
mediocre_qubit,40.840,0.00212839,0.00259931,0.00000000,0.00000000
mediocre_qubit,41.345,0.00151700,0.00251339,0.00000000,0.00000000
mediocre_qubit,41.849,0.00083130,0.00243031,0.00000000,0.00000000
mediocre_qubit,42.353,0.00067134,0.00234998,0.00000000,0.00000000
mediocre_qubit,42.857,0.00145043,0.00227230,0.00000000,0.00000000
mediocre_qubit,43.361,0.00211551,0.00219719,0.00000000,0.00000000
mediocre_qubit,43.866,0.00160262,0.00212456,0.00000000,0.00000000
mediocre_qubit,44.370,0.00084892,0.00205433,0.00000000,0.00000000
mediocre_qubit,44.874,0.00056836,0.00198642,0.00000000,0.00000000
mediocre_qubit,45.378,0.00141472,0.00192076,0.00000000,0.00000000
mediocre_qubit,45.882,0.00208050,0.00185727,0.00000000,0.00000000
mediocre_qubit,46.387,0.00163563,0.00179587,0.00000000,0.00000000
mediocre_qubit,46.891,0.00093244,0.00173651,0.00000000,0.00000000
mediocre_qubit,47.395,0.00048859,0.00167911,0.00000000,0.00000000
mediocre_qubit,47.899,0.00138311,0.00162361,0.00000000,0.00000000
mediocre_qubit,48.403,0.00205739,0.00156995,0.00000000,0.00000000
mediocre_qubit,48.908,0.00167448,0.00151806,0.00000000,0.00000000
mediocre_qubit,49.412,0.00095342,0.00146788,0.00000000,0.00000000
mediocre_qubit,49.916,0.00039817,0.00141936,0.00000000,0.00000000
mediocre_qubit,50.420,0.00134209,0.00134866,0.00000000,0.00000000
mediocre_qubit,50.924,0.00203209,0.00047165,0.00000000,0.00000000
mediocre_qubit,51.429,0.00172089,0.00045606,0.00000000,0.00000000
mediocre_qubit,51.933,0.00100672,0.00044099,0.00000000,0.00000000
mediocre_qubit,52.437,0.00031168,0.00042641,0.00000000,0.00000000
mediocre_qubit,52.941,0.00129769,0.00041232,0.00000000,0.00000000
mediocre_qubit,53.445,0.00201727,0.00039869,0.00000000,0.00000000
mediocre_qubit,53.950,0.00179481,0.00038551,0.00000000,0.00000000
mediocre_qubit,54.454,0.00107866,0.00037277,0.00000000,0.00000000
mediocre_qubit,54.958,0.00020922,0.00036045,0.00000000,0.00000000
mediocre_qubit,55.462,0.00124235,0.00034853,0.00000000,0.00000000
mediocre_qubit,55.966,0.00198831,0.00033701,0.00000000,0.00000000
mediocre_qubit,56.471,0.00182107,0.00032587,0.00000000,0.00000000
mediocre_qubit,56.975,0.00114725,0.00031510,0.00000000,0.00000000
mediocre_qubit,57.479,0.00011849,0.00030468,0.00000000,0.00000000
mediocre_qubit,57.983,0.00118714,0.00029461,0.00000000,0.00000000
mediocre_qubit,58.487,0.00195807,0.00028487,0.00000000,0.00000000
mediocre_qubit,58.992,0.00185307,0.00027546,0.00000000,0.00000000
mediocre_qubit,59.496,0.00123084,0.00026635,0.00000000,0.00000000
mediocre_qubit,60.000,0.00005356,0.00024598,0.00000000,0.00000000
poor_qubit,0.000,0.00000000,0.00000000,0.00000000,0.00000000
poor_qubit,0.508,0.00367748,0.01037465,0.00000000,0.00000000
poor_qubit,1.017,0.00089375,0.00934873,0.00000000,0.00000000
poor_qubit,1.525,0.00110627,0.00844474,0.00000000,0.00000000
poor_qubit,2.034,0.00275518,0.00762786,0.00000000,0.00000000
poor_qubit,2.542,0.00075135,0.00688994,0.00000000,0.00000000
poor_qubit,3.051,0.00292305,0.00622362,0.00000000,0.00000000
poor_qubit,3.559,0.00007160,0.00562202,0.00000000,0.00000000
poor_qubit,4.068,0.00081373,0.00507877,0.00000000,0.00000000
poor_qubit,4.576,0.00199985,0.00458798,0.00000000,0.00000000
poor_qubit,5.085,0.00116141,0.00439204,0.00000000,0.00000000
poor_qubit,5.593,0.00258240,0.01343579,0.00000000,0.00000000
poor_qubit,6.102,0.00070483,0.01213660,0.00000000,0.00000000
poor_qubit,6.610,0.00075095,0.01096304,0.00000000,0.00000000
poor_qubit,7.119,0.00143122,0.00990299,0.00000000,0.00000000
poor_qubit,7.627,0.00133581,0.00894544,0.00000000,0.00000000
poor_qubit,8.136,0.00237551,0.00808046,0.00000000,0.00000000
poor_qubit,8.644,0.00114922,0.00729912,0.00000000,0.00000000
poor_qubit,9.153,0.00082723,0.00659319,0.00000000,0.00000000
poor_qubit,9.661,0.00096768,0.00595528,0.00000000,0.00000000
poor_qubit,10.169,0.00135477,0.00537916,0.00000000,0.00000000
poor_qubit,10.678,0.00223193,0.00485903,0.00000000,0.00000000
poor_qubit,11.186,0.00146912,0.00438946,0.00000000,0.00000000
poor_qubit,11.695,0.00097613,0.00396541,0.00000000,0.00000000
poor_qubit,12.203,0.00056951,0.00358223,0.00000000,0.00000000
poor_qubit,12.712,0.00127264,0.00323586,0.00000000,0.00000000
poor_qubit,13.220,0.00210838,0.00292297,0.00000000,0.00000000
poor_qubit,13.729,0.00169198,0.00264033,0.00000000,0.00000000
poor_qubit,14.237,0.00115988,0.00238480,0.00000000,0.00000000
poor_qubit,14.746,0.00020755,0.00215384,0.00000000,0.00000000
poor_qubit,15.254,0.00111773,0.00194530,0.00000000,0.00000000
poor_qubit,15.763,0.00198492,0.00175711,0.00000000,0.00000000
poor_qubit,16.271,0.00184857,0.00158736,0.00000000,0.00000000
poor_qubit,16.780,0.00135558,0.00143419,0.00000000,0.00000000
poor_qubit,17.288,0.00011830,0.00129589,0.00000000,0.00000000
poor_qubit,17.797,0.00092175,0.00117084,0.00000000,0.00000000
poor_qubit,18.305,0.00184165,0.00105760,0.00000000,0.00000000
poor_qubit,18.814,0.00192985,0.00095521,0.00000000,0.00000000
poor_qubit,19.322,0.00152311,0.00086272,0.00000000,0.00000000
poor_qubit,19.831,0.00043401,0.00077924,0.00000000,0.00000000
poor_qubit,20.339,0.00067468,0.00070393,0.00000000,0.00000000
poor_qubit,20.847,0.00166856,0.00063597,0.00000000,0.00000000
poor_qubit,21.356,0.00196707,0.00057462,0.00000000,0.00000000
poor_qubit,21.864,0.00169077,0.00051916,0.00000000,0.00000000
poor_qubit,22.373,0.00072973,0.00046896,0.00000000,0.00000000
poor_qubit,22.881,0.00041777,0.00042351,0.00000000,0.00000000
poor_qubit,23.390,0.00147988,0.00038242,0.00000000,0.00000000
poor_qubit,23.898,0.00195630,0.00034533,0.00000000,0.00000000
poor_qubit,24.407,0.00181602,0.00031190,0.00000000,0.00000000
poor_qubit,24.915,0.00098730,0.00028177,0.00000000,0.00000000
poor_qubit,25.424,0.00013620,0.00025463,0.00000000,0.00000000
poor_qubit,25.932,0.00125965,0.00023015,0.00000000,0.00000000
poor_qubit,26.441,0.00190036,0.00020803,0.00000000,0.00000000
poor_qubit,26.949,0.00191462,0.00018800,0.00000000,0.00000000
poor_qubit,27.458,0.00123869,0.00016982,0.00000000,0.00000000
poor_qubit,27.966,0.00015140,0.00015340,0.00000000,0.00000000
poor_qubit,28.475,0.00101735,0.00013857,0.00000000,0.00000000
poor_qubit,28.983,0.00179795,0.00012517,0.00000000,0.00000000
poor_qubit,29.492,0.00197157,0.00011306,0.00000000,0.00000000
poor_qubit,30.000,0.00144870,0.00009986,0.00000000,0.00000000
